SNP	chr	pos	effect_allele	other_allele	beta	se	pval	eaf	samplesize
rs100000	2	155017253	G	C	-0.05764	0.01	1.59e-08	0.88	150000
rs100001	16	147414721	T	G	0.01731	0.01	8.30e-02	0.397	150000
rs100002	5	185426232	T	C	0.03428	0.01	6.44e-04	0.544	150000
rs100003	10	177690078	A	T	0.035	0.01	4.98e-04	0.384	150000
rs100004	2	194168906	C	T	0.04433	0.01	1.17e-05	0.135	150000
rs100005	5	109767331	A	T	0.036	0.01	3.45e-04	0.361	150000
rs100006	20	74721481	A	G	-0.03236	0.01	1.26e-03	0.282	150000
rs100007	3	113335478	G	T	-0.05077	0.01	5.78e-07	0.35	150000
rs100008	17	166619700	C	T	0.03746	0.01	1.98e-04	0.212	150000
rs100009	7	166714612	A	T	-0.03523	0.01	4.58e-04	0.664	150000
rs100010	7	156365077	G	C	-0.02297	0.01	2.14e-02	0.635	150000
rs100011	4	131231343	C	T	0.04104	0.01	4.77e-05	0.543	150000
rs100012	2	112282224	T	A	-0.01489	0.01	1.37e-01	0.427	150000
rs100013	10	198540458	T	A	-0.01845	0.01	6.46e-02	0.335	150000
rs100014	10	132721386	A	G	0.03773	0.01	1.79e-04	0.751	150000
rs100015	15	64921930	A	G	-0.03277	0.01	1.09e-03	0.47	150000
rs100016	16	33093083	T	C	-0.01941	0.01	5.19e-02	0.405	150000
rs100017	16	48514486	C	T	0.01829	0.01	6.70e-02	0.194	150000
rs100018	8	192417635	C	T	-0.02775	0.01	5.56e-03	0.723	150000
rs100019	6	52966860	G	T	-0.03527	0.01	4.51e-04	0.822	150000
rs100020	3	91699481	G	A	0.02374	0.01	1.75e-02	0.785	150000
rs100021	13	4885274	T	C	0.03176	0.01	1.54e-03	0.567	150000
rs100022	3	130319473	G	A	0.04206	0.01	3.12e-05	0.364	150000
rs100023	1	132459209	A	T	-0.04052	0.01	5.93e-05	0.84	150000
rs100024	22	116631166	C	G	-0.04724	0.01	3.14e-06	0.486	150000
rs100025	1	93954402	T	A	-0.00961	0.01	3.42e-01	0.85	150000
rs100026	4	114773882	G	C	0.02422	0.01	1.54e-02	0.451	150000
rs100027	8	57627232	A	G	0.04169	0.01	3.65e-05	0.543	150000
rs100028	7	22606572	G	T	-0.01375	0.01	1.70e-01	0.715	150000
rs100029	15	64815209	A	G	0.01892	0.01	5.81e-02	0.544	150000
rs100030	13	74813534	C	T	0.04825	0.01	1.95e-06	0.333	150000
rs100031	7	124750137	G	T	-0.04036	0.01	6.30e-05	0.136	150000
rs100032	7	87584314	T	G	-0.04157	0.01	3.84e-05	0.815	150000
rs100033	17	24080200	G	C	-0.0432	0.01	1.92e-05	0.399	150000
rs100034	20	19798866	G	T	-0.03838	0.01	1.39e-04	0.198	150000
rs100035	21	14460929	T	G	-0.0137	0.01	1.71e-01	0.8	150000
rs100036	1	40090498	C	A	-0.04009	0.01	7.05e-05	0.215	150000
rs100037	22	186940124	A	C	-0.01908	0.01	5.60e-02	0.197	150000
rs100038	7	101759656	T	G	-0.03791	0.01	1.67e-04	0.672	150000
rs100039	5	17793232	G	T	-0.02012	0.01	4.38e-02	0.418	150000
rs200000	1	154500000	T	A	0.0097	0.012	4.27e-01	0.864	150000
rs200001	1	154502000	G	A	-0.00399	0.012	7.53e-01	0.544	150000
rs200002	1	154504000	A	G	-0.00414	0.012	7.43e-01	0.435	150000
rs200003	1	154506000	A	T	0.00625	0.012	6.15e-01	0.743	150000
rs200004	1	154508000	C	G	-0.0	0.012	1.00e+00	0.187	150000
rs200005	1	154510000	C	T	-0.01506	0.012	2.11e-01	0.525	150000
rs200006	1	154512000	T	C	-0.00669	0.012	5.89e-01	0.622	150000
rs200007	1	154514000	T	G	0.00636	0.012	6.09e-01	0.289	150000
rs200008	1	154516000	T	G	0.02893	0.012	1.58e-02	0.153	150000
rs200009	1	154518000	C	G	0.01388	0.012	2.50e-01	0.348	150000
rs200010	1	154520000	T	A	0.00855	0.012	4.86e-01	0.328	150000
rs200011	1	154522000	G	A	-0.00702	0.012	5.70e-01	0.144	150000
rs200012	1	154524000	A	C	0.00176	0.012	8.92e-01	0.645	150000
rs200013	1	154526000	T	C	0.00425	0.012	7.37e-01	0.8	150000
rs200014	1	154528000	T	G	0.00326	0.012	7.98e-01	0.3	150000
rs200015	1	154530000	G	C	-0.00025	0.012	9.85e-01	0.399	150000
rs200016	1	154532000	T	C	0.0035	0.012	7.83e-01	0.142	150000
rs200017	1	154534000	C	T	-0.00138	0.012	9.16e-01	0.822	150000
rs200018	1	154536000	A	T	0.00164	0.012	9.00e-01	0.614	150000
rs200019	1	154538000	G	T	0.00067	0.012	9.60e-01	0.511	150000
rs200020	1	154540000	T	G	-0.0124	0.012	3.06e-01	0.612	150000
rs200021	1	154542000	A	C	-0.00952	0.012	4.36e-01	0.434	150000
rs200022	1	154544000	G	A	8e-05	0.012	9.95e-01	0.362	150000
rs200023	1	154546000	C	G	-0.00435	0.012	7.30e-01	0.859	150000
rs200024	1	154548000	G	T	0.01993	0.012	9.64e-02	0.528	150000
rs200025	1	154550000	T	G	0.01103	0.012	3.64e-01	0.526	150000
rs200026	1	154552000	T	C	0.00605	0.012	6.26e-01	0.262	150000
rs200027	1	154554000	G	T	0.01008	0.012	4.08e-01	0.176	150000
rs200028	1	154556000	G	T	-0.00119	0.012	9.27e-01	0.21	150000
rs200029	1	154558000	T	G	0.01078	0.012	3.75e-01	0.726	150000
rs200030	1	154560000	T	G	-0.00053	0.012	9.68e-01	0.572	150000
rs200031	1	154562000	A	C	0.0136	0.012	2.60e-01	0.558	150000
rs200032	1	154564000	C	G	0.00732	0.012	5.53e-01	0.739	150000
rs200033	1	154566000	G	C	-0.00918	0.012	4.53e-01	0.196	150000
rs200034	1	154568000	T	A	0.01597	0.012	1.84e-01	0.435	150000
rs200035	1	154570000	T	G	0.0169	0.012	1.60e-01	0.819	150000
rs200036	1	154572000	T	G	0.00268	0.012	8.34e-01	0.352	150000
rs200037	1	154574000	C	A	0.0148	0.012	2.19e-01	0.45	150000
rs200038	1	154576000	G	C	0.01061	0.012	3.83e-01	0.849	150000
rs200039	1	154578000	C	T	0.01207	0.012	3.19e-01	0.889	150000
rs200040	1	154580000	A	T	0.01569	0.012	1.92e-01	0.78	150000
rs200041	1	154582000	T	C	0.00703	0.012	5.70e-01	0.649	150000
rs200042	1	154584000	G	A	0.0061	0.012	6.24e-01	0.336	150000
rs200043	1	154586000	T	C	0.00743	0.012	5.47e-01	0.835	150000
rs200044	1	154588000	G	T	-0.01194	0.012	3.25e-01	0.803	150000
rs200045	1	154590000	G	A	0.01673	0.012	1.64e-01	0.899	150000
rs200046	1	154592000	A	G	0.01586	0.012	1.87e-01	0.818	150000
rs200047	1	154594000	T	A	0.00621	0.012	6.17e-01	0.721	150000
rs200048	1	154596000	T	A	0.01267	0.012	2.95e-01	0.129	150000
rs200049	1	154598000	A	C	0.00478	0.012	7.03e-01	0.741	150000
rs200050	1	154600000	T	A	-0.00378	0.012	7.66e-01	0.741	150000
rs200051	1	154602000	T	G	0.02116	0.012	7.75e-02	0.77	150000
rs200052	1	154604000	C	A	0.01822	0.012	1.29e-01	0.604	150000
rs200053	1	154606000	A	T	0.00289	0.012	8.22e-01	0.254	150000
rs200054	1	154608000	A	C	0.03041	0.012	1.12e-02	0.589	150000
rs200055	1	154610000	G	A	0.01378	0.012	2.53e-01	0.807	150000
rs200056	1	154612000	C	T	0.01879	0.012	1.17e-01	0.247	150000
rs200057	1	154614000	C	T	0.01733	0.012	1.49e-01	0.609	150000
rs200058	1	154616000	T	C	0.02911	0.012	1.52e-02	0.341	150000
rs200059	1	154618000	C	G	0.02399	0.012	4.52e-02	0.852	150000
rs200060	1	154620000	A	C	0.02264	0.012	5.88e-02	0.479	150000
rs200061	1	154622000	A	C	0.02368	0.012	4.81e-02	0.344	150000
rs200062	1	154624000	G	C	0.02514	0.012	3.59e-02	0.429	150000
rs200063	1	154626000	A	G	0.00367	0.012	7.72e-01	0.354	150000
rs200064	1	154628000	T	A	0.036	0.012	2.75e-03	0.28	150000
rs200065	1	154630000	A	G	0.02673	0.012	2.57e-02	0.618	150000
rs200066	1	154632000	G	C	0.03	0.012	1.24e-02	0.539	150000
rs200067	1	154634000	A	G	0.04578	0.012	1.52e-04	0.51	150000
rs200068	1	154636000	T	G	0.03569	0.012	2.99e-03	0.503	150000
rs200069	1	154638000	G	C	0.03171	0.012	8.23e-03	0.77	150000
rs200070	1	154640000	C	G	0.04235	0.012	4.48e-04	0.774	150000
rs200071	1	154642000	T	A	0.03802	0.012	1.58e-03	0.238	150000
rs200072	1	154644000	G	A	0.02683	0.012	2.52e-02	0.762	150000
rs200073	1	154646000	G	T	0.05345	0.012	1.07e-05	0.581	150000
rs200074	1	154648000	G	A	0.02354	0.012	4.95e-02	0.896	150000
rs200075	1	154650000	C	T	0.04477	0.012	2.11e-04	0.664	150000
rs200076	1	154652000	T	C	0.04283	0.012	3.87e-04	0.267	150000
rs200077	1	154654000	T	C	0.0402	0.012	8.51e-04	0.769	150000
rs200078	1	154656000	T	G	0.02817	0.012	1.88e-02	0.892	150000
rs200079	1	154658000	G	A	0.04177	0.012	5.34e-04	0.164	150000
rs200080	1	154660000	T	G	0.04583	0.012	1.50e-04	0.221	150000
rs200081	1	154662000	C	A	0.03363	0.012	5.11e-03	0.286	150000
rs200082	1	154664000	A	C	0.03569	0.012	2.99e-03	0.495	150000
rs200083	1	154666000	A	C	0.0161	0.012	1.81e-01	0.61	150000
rs200084	1	154668000	G	C	0.02637	0.012	2.78e-02	0.146	150000
rs200085	1	154670000	G	C	0.03509	0.012	3.51e-03	0.776	150000
rs200086	1	154672000	C	G	0.03977	0.012	9.62e-04	0.504	150000
rs200087	1	154674000	C	T	0.01443	0.012	2.31e-01	0.372	150000
rs200088	1	154676000	G	C	0.01538	0.012	2.01e-01	0.419	150000
rs200089	1	154678000	T	G	0.01803	0.012	1.33e-01	0.371	150000
rs200090	1	154680000	C	A	0.01648	0.012	1.71e-01	0.459	150000
rs200091	1	154682000	C	A	0.01199	0.012	3.22e-01	0.322	150000
rs200092	1	154684000	A	T	0.01153	0.012	3.42e-01	0.596	150000
rs200093	1	154686000	T	C	0.01911	0.012	1.11e-01	0.677	150000
rs200094	1	154688000	C	T	0.00938	0.012	4.43e-01	0.191	150000
rs200095	1	154690000	G	T	0.00518	0.012	6.79e-01	0.623	150000
rs200096	1	154692000	C	T	0.01064	0.012	3.82e-01	0.687	150000
rs200097	1	154694000	T	G	0.00278	0.012	8.28e-01	0.133	150000
rs200098	1	154696000	G	T	0.01631	0.012	1.75e-01	0.472	150000
rs200099	1	154698000	C	T	0.01287	0.012	2.87e-01	0.168	150000
rs200100	1	154700000	A	G	0.0127	0.012	2.94e-01	0.758	150000
rs200101	1	154702000	A	C	0.00639	0.012	6.07e-01	0.187	150000
rs200102	1	154704000	T	G	0.00666	0.012	5.91e-01	0.792	150000
rs200103	1	154706000	G	T	0.0164	0.012	1.73e-01	0.288	150000
rs200104	1	154708000	A	G	0.00837	0.012	4.95e-01	0.512	150000
rs200105	1	154710000	C	T	0.00938	0.012	4.43e-01	0.817	150000
rs200106	1	154712000	G	T	-0.01054	0.012	3.86e-01	0.378	150000
rs200107	1	154714000	T	G	-0.00472	0.012	7.07e-01	0.418	150000
rs200108	1	154716000	A	C	0.00094	0.012	9.43e-01	0.168	150000
rs200109	1	154718000	G	C	0.00435	0.012	7.30e-01	0.899	150000
rs200110	1	154720000	G	A	0.00515	0.012	6.81e-01	0.56	150000
rs200111	1	154722000	A	T	-0.00981	0.012	4.22e-01	0.414	150000
rs200112	1	154724000	C	T	0.01601	0.012	1.83e-01	0.392	150000
rs200113	1	154726000	A	C	0.01182	0.012	3.30e-01	0.463	150000
rs200114	1	154728000	T	C	0.01101	0.012	3.65e-01	0.867	150000
rs200115	1	154730000	T	G	-0.00084	0.012	9.49e-01	0.818	150000
rs200116	1	154732000	C	A	-4e-05	0.012	9.98e-01	0.524	150000
rs200117	1	154734000	T	G	0.01138	0.012	3.48e-01	0.34	150000
rs200118	1	154736000	T	A	0.01185	0.012	3.28e-01	0.799	150000
rs200119	1	154738000	A	C	0.00958	0.012	4.33e-01	0.727	150000
rs200120	1	154740000	G	C	0.01563	0.012	1.94e-01	0.64	150000
rs200121	1	154742000	C	T	-0.00081	0.012	9.51e-01	0.248	150000
rs200122	1	154744000	A	G	0.00963	0.012	4.30e-01	0.864	150000
rs200123	1	154746000	T	C	0.00847	0.012	4.90e-01	0.868	150000
rs200124	1	154748000	G	A	-0.01426	0.012	2.37e-01	0.152	150000
rs200125	1	154750000	T	C	0.00929	0.012	4.48e-01	0.141	150000
rs200126	1	154752000	T	A	0.0095	0.012	4.37e-01	0.659	150000
rs200127	1	154754000	C	A	0.00503	0.012	6.88e-01	0.433	150000
rs200128	1	154756000	A	C	0.00076	0.012	9.54e-01	0.101	150000
rs200129	1	154758000	A	G	-0.01292	0.012	2.85e-01	0.445	150000
rs200130	1	154760000	G	T	-0.00322	0.012	8.01e-01	0.358	150000
rs200131	1	154762000	G	A	-0.01088	0.012	3.71e-01	0.283	150000
rs200132	1	154764000	G	A	-9e-05	0.012	9.94e-01	0.469	150000
rs200133	1	154766000	T	G	0.00608	0.012	6.25e-01	0.211	150000
rs200134	1	154768000	A	T	0.00788	0.012	5.22e-01	0.125	150000
rs200135	1	154770000	A	C	-0.00388	0.012	7.59e-01	0.555	150000
rs200136	1	154772000	A	G	-0.00732	0.012	5.53e-01	0.783	150000
rs200137	1	154774000	G	C	0.00258	0.012	8.41e-01	0.784	150000
rs200138	1	154776000	C	A	-0.00578	0.012	6.43e-01	0.583	150000
rs200139	1	154778000	T	G	0.00244	0.012	8.49e-01	0.355	150000
rs200140	1	154780000	G	T	0.01163	0.012	3.38e-01	0.431	150000
rs200141	1	154782000	G	A	0.00714	0.012	5.63e-01	0.377	150000
rs200142	1	154784000	C	A	-0.0091	0.012	4.57e-01	0.666	150000
rs200143	1	154786000	C	T	0.01037	0.012	3.94e-01	0.575	150000
rs200144	1	154788000	A	C	-0.00404	0.012	7.50e-01	0.238	150000
rs200145	1	154790000	T	C	-0.00598	0.012	6.31e-01	0.113	150000
rs200146	1	154792000	G	T	0.00619	0.012	6.18e-01	0.818	150000
rs200147	1	154794000	A	T	-0.00636	0.012	6.08e-01	0.319	150000
rs200148	1	154796000	G	A	-0.00251	0.012	8.45e-01	0.631	150000
rs200149	1	154798000	T	G	0.00642	0.012	6.05e-01	0.285	150000
